id,first_name,last_name,email,gender,ip_address
1,Martha,Allen,mallen0@arstechnica.com,Female,179.26.80.1
2,Beverly,Murray,bmurray1@smh.com.au,Female,123.122.8.73
3,Carolyn,Ryan,cryan2@indiatimes.com,Female,145.213.164.181
4,Anna,Scott,ascott3@nyu.edu,Female,12.60.181.72
5,Alice,Carter,acarter4@issuu.com,Female,48.223.43.128
6,Earl,Stewart,estewart5@mit.edu,Male,171.126.40.239
7,Kevin,Young,kyoung6@elegantthemes.com,Male,208.252.10.248
8,Joyce,Berry,jberry7@ftc.gov,Female,42.179.166.98
9,Steve,Harper,sharper8@amazon.de,Male,8.79.182.198
10,Shirley,Day,sday9@bravesites.com,Female,183.111.154.163
11,Jennifer,Hicks,jhicksa@cargocollective.com,Female,46.235.198.49
12,Bonnie,Ryan,bryanb@bloomberg.com,Female,173.10.198.220
13,Raymond,Kennedy,rkennedyc@canalblog.com,Male,49.178.211.22
14,Kelly,Castillo,kcastillod@arizona.edu,Female,46.85.113.118
15,Amy,Butler,abutlere@cafepress.com,Female,144.117.151.22
16,Mark,Payne,mpaynef@amazon.de,Male,10.222.24.30
17,Matthew,Stone,mstoneg@spotify.com,Male,177.51.77.4
18,Brenda,George,bgeorgeh@ox.ac.uk,Female,117.128.190.140
19,Christina,Fields,cfieldsi@state.gov,Female,225.109.66.25
20,Ryan,Johnston,rjohnstonj@fema.gov,Male,213.48.51.157
